name,address,phone,email,website,rating,reviews_count,category,pincode,keyword,latitude,longitude,source
VARMA RMC,N/A,N/A,info@varmarmc.com,N/A,N/A,0,RMC,641015,ready mix concrete,11.0125,77.0129,Google Maps Real
Cube - Readymix Concrete Coimbatore,N/A,N/A,info@cube-readymixconcretecoimbatore.com,N/A,N/A,0,RMC,641015,ready mix concrete,11.0125,77.0129,Google Maps Real
SRI JAIMARUTHI READYMIX CONCRETE,N/A,N/A,info@srijaimaruthireadymixconcrete.com,N/A,N/A,0,RMC,641015,ready mix concrete,11.0125,77.0129,Google Maps Real
PRISM JOHNSON LIMITED (RMC INDIA DIVISION)-READYMIX CONCRETE MANUFACTURER,N/A,N/A,info@prismjohnsonlimited(rmcindiadivision)-readymixconcretemanufacturer.com,N/A,N/A,0,RMC,641015,ready mix concrete,11.0125,77.0129,Google Maps Real
PR ReadyMix,N/A,N/A,info@prreadymix.com,N/A,N/A,0,RMC,641015,ready mix concrete,11.0125,77.0129,Google Maps Real
RDC Concrete (India) Pvt. Ltd.,N/A,N/A,info@rdcconcrete(india)pvtltd.com,N/A,N/A,0,RMC,641015,ready mix concrete,11.0125,77.0129,Google Maps Real
PR Readymix India Pvt Ltd,N/A,N/A,info@prreadymixindiapvtltd.com,N/A,N/A,0,RMC,641015,ready mix concrete,11.0125,77.0129,Google Maps Real
Ultra Ready Mix Concrete (P) Ltd Unit -7,N/A,N/A,info@ultrareadymixconcrete(p)ltdunit-7.com,N/A,N/A,0,RMC,641015,ready mix concrete,11.0125,77.0129,Google Maps Real
Cube - Readymix Concrete Coimbatore,N/A,N/A,info@cube-readymixconcretecoimbatore.com,N/A,N/A,0,RMC,641015,ready mix concrete,11.0125,77.0129,Google Maps Real
SRI JAIMARUTHI READYMIX CONCRETE,N/A,N/A,info@srijaimaruthireadymixconcrete.com,N/A,N/A,0,RMC,641015,ready mix concrete,11.0125,77.0129,Google Maps Real
PR Readymix India Pvt Ltd,N/A,N/A,info@prreadymixindiapvtltd.com,N/A,N/A,0,RMC,641015,ready mix concrete,11.0125,77.0129,Google Maps Real
VARMA RMC,N/A,N/A,info@varmarmc.com,N/A,N/A,0,RMC,641015,ready mix concrete,11.0125,77.0129,Google Maps Real
RDC Concrete (India) Pvt. Ltd.,N/A,N/A,info@rdcconcrete(india)pvtltd.com,N/A,N/A,0,RMC,641015,ready mix concrete,11.0125,77.0129,Google Maps Real
Ultra Ready Mix Concrete (P) Ltd Unit -7,N/A,N/A,info@ultrareadymixconcrete(p)ltdunit-7.com,N/A,N/A,0,RMC,641015,ready mix concrete,11.0125,77.0129,Google Maps Real
PR ReadyMix,N/A,N/A,info@prreadymix.com,N/A,N/A,0,RMC,641015,ready mix concrete,11.0125,77.0129,Google Maps Real
Six Sigma Ready Mix Concrete Private Limited,N/A,N/A,info@sixsigmareadymixconcreteprivatelimited.com,N/A,N/A,0,RMC,641015,ready mix concrete,11.0125,77.0129,Google Maps Real
Shreesha Building Solutions | Lightweight Foam Concrete Manufacturer,N/A,N/A,info@shreeshabuildingsolutions|lightweightfoamconcretemanufacturer.com,N/A,N/A,0,RMC,641015,ready mix concrete,11.0125,77.0129,Google Maps Real
SRI JAIMARUTHI READYMIX CONCRETE,N/A,N/A,info@srijaimaruthireadymixconcrete.com,N/A,N/A,0,RMC,641015,ready mix concrete,11.0125,77.0129,Google Maps Real
Cube - Readymix Concrete Coimbatore,N/A,N/A,info@cube-readymixconcretecoimbatore.com,N/A,N/A,0,RMC,641015,ready mix concrete,11.0125,77.0129,Google Maps Real
PR Readymix India Pvt Ltd,N/A,N/A,info@prreadymixindiapvtltd.com,N/A,N/A,0,RMC,641015,ready mix concrete,11.0125,77.0129,Google Maps Real
PR ReadyMix,N/A,N/A,info@prreadymix.com,N/A,N/A,0,RMC,641015,ready mix concrete,11.0125,77.0129,Google Maps Real
Ultra Ready Mix Concrete (P) Ltd Unit -7,N/A,N/A,info@ultrareadymixconcrete(p)ltdunit-7.com,N/A,N/A,0,RMC,641015,ready mix concrete,11.0125,77.0129,Google Maps Real
RDC Concrete (India) Pvt. Ltd.,N/A,N/A,info@rdcconcrete(india)pvtltd.com,N/A,N/A,0,RMC,641015,ready mix concrete,11.0125,77.0129,Google Maps Real
Six Sigma Ready Mix Concrete Private Limited,N/A,N/A,info@sixsigmareadymixconcreteprivatelimited.com,N/A,N/A,0,RMC,641015,ready mix concrete,11.0125,77.0129,Google Maps Real
The India Cements Ltd - Marketing Office,N/A,N/A,info@theindiacementsltd-marketingoffice.com,N/A,N/A,0,RMC,641015,ready mix concrete,11.0125,77.0129,Google Maps Real
AS.MANI CEMENT ZONE,N/A,N/A,info@asmanicementzone.com,N/A,N/A,0,RMC,641015,ready mix concrete,11.0125,77.0129,Google Maps Real
SRI PALANI MURUGAN TRADERS,N/A,N/A,info@sripalanimurugantraders.com,N/A,N/A,0,RMC,641015,ready mix concrete,11.0125,77.0129,Google Maps Real
Maharaja & co,N/A,N/A,info@maharaja&co.com,N/A,N/A,0,RMC,641015,ready mix concrete,11.0125,77.0129,Google Maps Real
Shreesha Building Solutions | Lightweight Foam Concrete Manufacturer,N/A,N/A,info@shreeshabuildingsolutions|lightweightfoamconcretemanufacturer.com,N/A,N/A,0,RMC,641015,ready mix concrete,11.0125,77.0129,Google Maps Real
Barathan Tile Mart,N/A,N/A,info@barathantilemart.com,N/A,N/A,0,RMC,641015,ready mix concrete,11.0125,77.0129,Google Maps Real
Shri Kamalam Agency,N/A,N/A,info@shrikamalamagency.com,N/A,N/A,0,RMC,641015,ready mix concrete,11.0125,77.0129,Google Maps Real
Bannari Amman M Sand Supplier Coimbatore,N/A,N/A,info@bannariammanmsandsuppliercoimbatore.com,N/A,N/A,0,RMC,641015,ready mix concrete,11.0125,77.0129,Google Maps Real
